INSERT INTO CLIENTE 
(CODICE_FISCALE,NOME,COGNOME,EMAIL,ABBONAMENTO,TELEFONO) 
VALUES 
('SGSGNT80A01E654Y','Giacinto','Sagese','GiacintoSagese@armyspy.com','0','3783173761');

INSERT INTO CLIENTE 
(CODICE_FISCALE,NOME,COGNOME,EMAIL,ABBONAMENTO,TELEFONO) 
VALUES 
('MNFPLS92S04A892C','Manfredo','Pugliesi','ManfredoPugliesi@armyspy.com','0','3924301632');

INSERT INTO CLIENTE 
(CODICE_FISCALE,NOME,COGNOME,EMAIL,ABBONAMENTO,TELEFONO) 
VALUES 
('RSSDBR87D11D612M','Adalberto','Rossi','AdalbertoRossi@armyspy.com','0','3372682684');

INSERT INTO CLIENTE 
(CODICE_FISCALE,NOME,COGNOME,EMAIL,ABBONAMENTO,TELEFONO) 
VALUES 
('DMNNLT94L31H501X','Edmondo','Napolitano','EdmondoNapolitano@jourrapide.com','0','3634024381');

INSERT INTO CLIENTE 
(CODICE_FISCALE,NOME,COGNOME,EMAIL,ABBONAMENTO,TELEFONO) 
VALUES 
('DLCRNT83S06D810W','Renato','De Luca','RenatoDeLuca@teleworm.us','1','3820411398');

INSERT INTO CLIENTE 
(CODICE_FISCALE,NOME,COGNOME,EMAIL,ABBONAMENTO,TELEFONO) 
VALUES 
('TRVMRA62M13D150J','Maria','Trevisano','MariaTrevisano@armyspy.com','0','3803322094');

INSERT INTO CLIENTE 
(CODICE_FISCALE,NOME,COGNOME,EMAIL,ABBONAMENTO,TELEFONO) 
VALUES 
('CLBRNT82S70F205G','Renata','Calabrese','RenataCalabrese@tmall.com','1','3114429983');

INSERT INTO CLIENTE 
(CODICE_FISCALE,NOME,COGNOME,EMAIL,ABBONAMENTO,TELEFONO) 
VALUES 
('PLRRSR41B41E517N','Rosaria','Palermo','RosariaPalermo@jigsy.com','1','3306736572');

INSERT INTO CLIENTE 
(CODICE_FISCALE,NOME,COGNOME,EMAIL,ABBONAMENTO,TELEFONO) 
VALUES 
('FRNLFA83T14A390H','Alfio','Fiorentino','AlfioFiorentino@rhyta.com','1','3392088632');

INSERT INTO CLIENTE 
(CODICE_FISCALE,NOME,COGNOME,EMAIL,ABBONAMENTO,TELEFONO) 
VALUES 
('LMBLNS92H07F839O','Alfonsino','Lombardo','AlfonsinoLombardo@armyspy.com','1','3677728814');


INSERT INTO ABBONAMENTO
(CODICE_ABBONAMENTO,NOME_ABBONAMENTO,DATA_INIZIO_ABBONAMENTO,DATA_FINE_ABBONAMENTO)
VALUES
('ABB.CLS','CLASSIC','01-FEB-2023','30-NOV-2023');

INSERT INTO ABBONAMENTO
(CODICE_ABBONAMENTO,NOME_ABBONAMENTO,DATA_INIZIO_ABBONAMENTO,DATA_FINE_ABBONAMENTO)
VALUES
('ABB.DLX','DELUXE','01-FEB-2023','30-NOV-2023');


INSERT INTO AUTORE
(PARTITA_IVA_AUTORE,NOME_AUTORE,COGNOME_AUTORE)
VALUES
('39999320052','GUITART','-');

INSERT INTO AUTORE
(PARTITA_IVA_AUTORE,NOME_AUTORE,COGNOME_AUTORE)
VALUES
('23589960691','OSCAR','BELLLOMO');

INSERT INTO AUTORE
(PARTITA_IVA_AUTORE,NOME_AUTORE,COGNOME_AUTORE)
VALUES
('72650340796','GIANVITO','PULZONE');

INSERT INTO AUTORE
(PARTITA_IVA_AUTORE,NOME_AUTORE,COGNOME_AUTORE)
VALUES
('58128990544','FERDINANDO','CARULLI');

INSERT INTO AUTORE
(PARTITA_IVA_AUTORE,NOME_AUTORE,COGNOME_AUTORE)
VALUES
('63798360192','RAFFAELE','IERVOLINO');

INSERT INTO AUTORE
(PARTITA_IVA_AUTORE,NOME_AUTORE,COGNOME_AUTORE)
VALUES
('51619000519','MARIO','CARREIRA');


INSERT INTO SOCIETA
(PARTITA_IVA_SOCIETA,NOME_SOCIETA,TIPO_SOCIETA)
VALUES
('39999320052','GUITART','GUITART');

INSERT INTO SOCIETA
(PARTITA_IVA_SOCIETA,NOME_SOCIETA,TIPO_SOCIETA)
VALUES
('45350740630','RIZZOLI','CASA EDITRICE');

INSERT INTO SOCIETA
(PARTITA_IVA_SOCIETA,NOME_SOCIETA,TIPO_SOCIETA)
VALUES
('18977850363','MARSILIO','CASA EDITRICE');

INSERT INTO SOCIETA
(PARTITA_IVA_SOCIETA,NOME_SOCIETA,TIPO_SOCIETA)
VALUES
('34789260295','SELLERIO','CASA EDITRICE');

INSERT INTO SOCIETA
(PARTITA_IVA_SOCIETA,NOME_SOCIETA,TIPO_SOCIETA)
VALUES
('28146030045','FANUCCI','CASA EDITRICE');

INSERT INTO SOCIETA
(PARTITA_IVA_SOCIETA,NOME_SOCIETA,TIPO_SOCIETA)
VALUES
('64905180770','IPERBOREA','CASA EDITRICE');


INSERT INTO PRODOTTO
(ID_PRODOTTO, NOME_PRODOTTO, PREZZO_PRODOTTO, QUANTITA_DISPONIBILE_PRODOTTO, TIPOLOGIA_PRODOTTO, TIPO_PRODOTTO, DATA_PUBBLICAZIONE, PARTITA_IVA_PRODOTTO_SOCIETA, PARTITA_IVA_PRODOTTO_AUTORE)
VALUES
('0042','ABBONAMENTO CLASSIC','53,00','10000','ABBONAMENTO','DIGITALE','13-GEN-2023','39999320052','39999320052');

INSERT INTO PRODOTTO
(ID_PRODOTTO, NOME_PRODOTTO, PREZZO_PRODOTTO, QUANTITA_DISPONIBILE_PRODOTTO, TIPOLOGIA_PRODOTTO, TIPO_PRODOTTO, DATA_PUBBLICAZIONE, PARTITA_IVA_PRODOTTO_SOCIETA, PARTITA_IVA_PRODOTTO_AUTORE)
VALUES
('0039','ABBONAMENTO DELUXE','79,00','10000','ABBONAMENTO','DIGITALE','13-GEN-2023','39999320052','39999320052');

INSERT INTO PRODOTTO
(ID_PRODOTTO, NOME_PRODOTTO, PREZZO_PRODOTTO, QUANTITA_DISPONIBILE_PRODOTTO, TIPOLOGIA_PRODOTTO, TIPO_PRODOTTO, DATA_PUBBLICAZIONE, PARTITA_IVA_PRODOTTO_SOCIETA, PARTITA_IVA_PRODOTTO_AUTORE)
VALUES
('0061','GUITART 102','19,00','150','MAGAZINE','FISICO','27-LUG-2017','39999320052','39999320052');

INSERT INTO PRODOTTO
(ID_PRODOTTO, NOME_PRODOTTO, PREZZO_PRODOTTO, QUANTITA_DISPONIBILE_PRODOTTO, TIPOLOGIA_PRODOTTO, TIPO_PRODOTTO, DATA_PUBBLICAZIONE, PARTITA_IVA_PRODOTTO_SOCIETA, PARTITA_IVA_PRODOTTO_AUTORE)
VALUES
('0043','GUITART 101','19,00','150','MAGAZINE','FISICO','17-APR-2018','39999320052','39999320052');

INSERT INTO PRODOTTO
(ID_PRODOTTO, NOME_PRODOTTO, PREZZO_PRODOTTO, QUANTITA_DISPONIBILE_PRODOTTO, TIPOLOGIA_PRODOTTO, TIPO_PRODOTTO, DATA_PUBBLICAZIONE, PARTITA_IVA_PRODOTTO_SOCIETA, PARTITA_IVA_PRODOTTO_AUTORE)
VALUES
('0015','LEO BROUWER','29,90','150','MONOGRAFIA','FISICO','8-AGO-2018','45350740630','72650340796');

INSERT INTO PRODOTTO
(ID_PRODOTTO, NOME_PRODOTTO, PREZZO_PRODOTTO, QUANTITA_DISPONIBILE_PRODOTTO, TIPOLOGIA_PRODOTTO, TIPO_PRODOTTO, DATA_PUBBLICAZIONE, PARTITA_IVA_PRODOTTO_SOCIETA, PARTITA_IVA_PRODOTTO_AUTORE)
VALUES
('0009','FERDINANDO CARULLI','29,90','150','MONOGRAFIA','FISICO','22-AGO-2018','18977850363','58128990544');

INSERT INTO PRODOTTO
(ID_PRODOTTO, NOME_PRODOTTO, PREZZO_PRODOTTO, QUANTITA_DISPONIBILE_PRODOTTO, TIPOLOGIA_PRODOTTO, TIPO_PRODOTTO, DATA_PUBBLICAZIONE, PARTITA_IVA_PRODOTTO_SOCIETA, PARTITA_IVA_PRODOTTO_AUTORE)
VALUES
('0069','66 NOTTURNI','0','150','E-BOOK','DIGITALE','18-GIU-2019','34789260295','63798360192');

INSERT INTO PRODOTTO
(ID_PRODOTTO, NOME_PRODOTTO, PREZZO_PRODOTTO, QUANTITA_DISPONIBILE_PRODOTTO, TIPOLOGIA_PRODOTTO, TIPO_PRODOTTO, DATA_PUBBLICAZIONE, PARTITA_IVA_PRODOTTO_SOCIETA, PARTITA_IVA_PRODOTTO_AUTORE)
VALUES
('0059','DUE STUDI','0','150','E-BOOK','DIGITALE','3-AGO-2020','28146030045','23589960691');

INSERT INTO PRODOTTO
(ID_PRODOTTO, NOME_PRODOTTO, PREZZO_PRODOTTO, QUANTITA_DISPONIBILE_PRODOTTO, TIPOLOGIA_PRODOTTO, TIPO_PRODOTTO, DATA_PUBBLICAZIONE, PARTITA_IVA_PRODOTTO_SOCIETA, PARTITA_IVA_PRODOTTO_AUTORE)
VALUES
('0014','EMILIO PUJOL','29,90','150','MONOGRAFIA','FISICO','17-SET-2021','64905180770','51619000519');

INSERT INTO PRODOTTO
(ID_PRODOTTO, NOME_PRODOTTO, PREZZO_PRODOTTO, QUANTITA_DISPONIBILE_PRODOTTO, TIPOLOGIA_PRODOTTO, TIPO_PRODOTTO, DATA_PUBBLICAZIONE, PARTITA_IVA_PRODOTTO_SOCIETA, PARTITA_IVA_PRODOTTO_AUTORE)
VALUES
('0045','A WINTER DAY','0','150','E-BOOK','DIGITALE','2-GIU-2022','28146030045','23589960691');


INSERT INTO METODO_DI_PAGAMENTO
(CODICE_IDENTIFICATIVO, CCV, DATA_SCADENZA, TIPO_CARTA, TIPO_CIRCUITO, CODICE_FISCALE_MDP)
VALUES
('4830636800349531','245','08-2026','CARTA DI CREDITO','VISA','SGSGNT80A01E654Y');

INSERT INTO METODO_DI_PAGAMENTO
(CODICE_IDENTIFICATIVO, CCV, DATA_SCADENZA, TIPO_CARTA, TIPO_CIRCUITO, CODICE_FISCALE_MDP)
VALUES
('5268176090182993','107','03-2025','CARTA PREPAGATA','MASTERCARD','MNFPLS92S04A892C');

INSERT INTO METODO_DI_PAGAMENTO
(CODICE_IDENTIFICATIVO, CCV, DATA_SCADENZA, TIPO_CARTA, TIPO_CIRCUITO, CODICE_FISCALE_MDP)
VALUES
('4830639851337660','557','08-2029','CARTA PREPAGATA','VISA','RSSDBR87D11D612M');

INSERT INTO METODO_DI_PAGAMENTO
(CODICE_IDENTIFICATIVO, CCV, DATA_SCADENZA, TIPO_CARTA, TIPO_CIRCUITO, CODICE_FISCALE_MDP)
VALUES
('5220691605273043','656','03-2029','CARTA DI CREDITO','MASTERCARD','DMNNLT94L31H501X');

INSERT INTO METODO_DI_PAGAMENTO
(CODICE_IDENTIFICATIVO, CCV, DATA_SCADENZA, TIPO_CARTA, TIPO_CIRCUITO, CODICE_FISCALE_MDP)
VALUES
('378009218690464','5781','07-2024','CARTA DI CREDITO','AMERICAN EXPRESS','DLCRNT83S06D810W');

INSERT INTO METODO_DI_PAGAMENTO
(CODICE_IDENTIFICATIVO, CCV, DATA_SCADENZA, TIPO_CARTA, TIPO_CIRCUITO, CODICE_FISCALE_MDP)
VALUES
('4830636927541432','894','04-2028','CARTA PREPAGATA','VISA','TRVMRA62M13D150J');

INSERT INTO METODO_DI_PAGAMENTO
(CODICE_IDENTIFICATIVO, CCV, DATA_SCADENZA, TIPO_CARTA, TIPO_CIRCUITO, CODICE_FISCALE_MDP)
VALUES
('4830633328759713','425','02-2027','CARTA DI CREDITO','VISA','CLBRNT82S70F205G');

INSERT INTO METODO_DI_PAGAMENTO
(CODICE_IDENTIFICATIVO, CCV, DATA_SCADENZA, TIPO_CARTA, TIPO_CIRCUITO, CODICE_FISCALE_MDP)
VALUES
('378005624560374','8585','11-2025','CARTA DI CREDITO','AMERICAN EXPRESS','PLRRSR41B41E517N');

INSERT INTO METODO_DI_PAGAMENTO
(CODICE_IDENTIFICATIVO, CCV, DATA_SCADENZA, TIPO_CARTA, TIPO_CIRCUITO, CODICE_FISCALE_MDP)
VALUES
('4830639629177182','466','01-2026','CARTA PREPAGATA','VISA','FRNLFA83T14A390H');

INSERT INTO METODO_DI_PAGAMENTO
(CODICE_IDENTIFICATIVO, CCV, DATA_SCADENZA, TIPO_CARTA, TIPO_CIRCUITO, CODICE_FISCALE_MDP)
VALUES
('5101857379719743','383','10-2029','CARTA DI CREDITO','MASTERCARD','LMBLNS92H07F839O');


INSERT INTO PROMOZIONE
(CODICE_PROMOZIONE, NOME_PROMOZIONE, VALORE_PROMOZIONE, DATA_INIZIO_PROMOZIONE, DATA_FINE_PROMOZIONE)
VALUES
('HS241X','PROMO1','5','27-GEN-2023','14-APR-2023');

INSERT INTO PROMOZIONE
(CODICE_PROMOZIONE, NOME_PROMOZIONE, VALORE_PROMOZIONE, DATA_INIZIO_PROMOZIONE, DATA_FINE_PROMOZIONE)
VALUES
('HS242X','PROMO2','10','05-MAG-2023','08-AGO-2023');

INSERT INTO PROMOZIONE
(CODICE_PROMOZIONE, NOME_PROMOZIONE, VALORE_PROMOZIONE, DATA_INIZIO_PROMOZIONE, DATA_FINE_PROMOZIONE)
VALUES
('HS243X','PROMO3','15','20-SET-2023','04-OTT-2023');

INSERT INTO PROMOZIONE
(CODICE_PROMOZIONE, NOME_PROMOZIONE, VALORE_PROMOZIONE, DATA_INIZIO_PROMOZIONE, DATA_FINE_PROMOZIONE)
VALUES
('HS244X','PROMO4','20','18-OTT-2023','06-NOV-2023');

INSERT INTO PROMOZIONE
(CODICE_PROMOZIONE, NOME_PROMOZIONE, VALORE_PROMOZIONE, DATA_INIZIO_PROMOZIONE, DATA_FINE_PROMOZIONE)
VALUES
('HS245X','PROMO5','25','18-DIC-2023','28-DIC-2023');


INSERT INTO ACQUISTO
(N_ACQUISTO, CODICE_FISCALE_ACQUISTO, CODICE_IDENTIFICATIVO_ACQUISTO, CODICE_PROMOZIONE_ACQUISTO)
VALUES
('1001','SGSGNT80A01E654Y','4830636800349531','');

INSERT INTO ACQUISTO
(N_ACQUISTO, CODICE_FISCALE_ACQUISTO, CODICE_IDENTIFICATIVO_ACQUISTO, CODICE_PROMOZIONE_ACQUISTO)
VALUES
('1002','MNFPLS92S04A892C','5268176090182993','');

INSERT INTO ACQUISTO
(N_ACQUISTO, CODICE_FISCALE_ACQUISTO, CODICE_IDENTIFICATIVO_ACQUISTO, CODICE_PROMOZIONE_ACQUISTO)
VALUES
('1003','RSSDBR87D11D612M','4830639851337660','');

INSERT INTO ACQUISTO
(N_ACQUISTO, CODICE_FISCALE_ACQUISTO, CODICE_IDENTIFICATIVO_ACQUISTO, CODICE_PROMOZIONE_ACQUISTO)
VALUES
('1004','DLCRNT83S06D810W','378009218690464','');

INSERT INTO ACQUISTO
(N_ACQUISTO, CODICE_FISCALE_ACQUISTO, CODICE_IDENTIFICATIVO_ACQUISTO, CODICE_PROMOZIONE_ACQUISTO)
VALUES
('1005','CLBRNT82S70F205G','4830633328759713','');

INSERT INTO ACQUISTO
(N_ACQUISTO, CODICE_FISCALE_ACQUISTO, CODICE_IDENTIFICATIVO_ACQUISTO, CODICE_PROMOZIONE_ACQUISTO)
VALUES
('1006','FRNLFA83T14A390H','4830639629177182','');

INSERT INTO ACQUISTO
(N_ACQUISTO, CODICE_FISCALE_ACQUISTO, CODICE_IDENTIFICATIVO_ACQUISTO, CODICE_PROMOZIONE_ACQUISTO)
VALUES
('1007','LMBLNS92H07F839O','5101857379719743','');

INSERT INTO ACQUISTO
(N_ACQUISTO, CODICE_FISCALE_ACQUISTO, CODICE_IDENTIFICATIVO_ACQUISTO, CODICE_PROMOZIONE_ACQUISTO)
VALUES
('1008','DMNNLT94L31H501X','5220691605273043','');

INSERT INTO ACQUISTO
(N_ACQUISTO, CODICE_FISCALE_ACQUISTO, CODICE_IDENTIFICATIVO_ACQUISTO, CODICE_PROMOZIONE_ACQUISTO)
VALUES
('1009','TRVMRA62M13D150J','4830636927541432','HS241X');

INSERT INTO ACQUISTO
(N_ACQUISTO, CODICE_FISCALE_ACQUISTO, CODICE_IDENTIFICATIVO_ACQUISTO, CODICE_PROMOZIONE_ACQUISTO)
VALUES
('1010','PLRRSR41B41E517N','378005624560374','HS242X');


INSERT INTO INDIRIZZO
(ID_INDIRIZZO, QUALIFICATORE, STRADA, NUMERO, CITTA, PROVINCIA, CAP, STATO_EUROPEO, CODICE_FISCALE_INDIRIZZO)
VALUES
('11','VIA','CASTELFIDARDO','120','CROPALATI','COSENZA','87060','IT','SGSGNT80A01E654Y'); 

INSERT INTO INDIRIZZO
(ID_INDIRIZZO, QUALIFICATORE, STRADA, NUMERO, CITTA, PROVINCIA, CAP, STATO_EUROPEO, CODICE_FISCALE_INDIRIZZO)
VALUES
('12','VIA','TORINO','27','PASSO PENICE','PIACENZA','29020','IT','SGSGNT80A01E654Y');

INSERT INTO INDIRIZZO
(ID_INDIRIZZO, QUALIFICATORE, STRADA, NUMERO, CITTA, PROVINCIA, CAP, STATO_EUROPEO, CODICE_FISCALE_INDIRIZZO)
VALUES
('13','VIA','PARTENOPE','23','CAIRA','FROSINONE','03040','IT','SGSGNT80A01E654Y');

INSERT INTO INDIRIZZO
(ID_INDIRIZZO, QUALIFICATORE, STRADA, NUMERO, CITTA, PROVINCIA, CAP, STATO_EUROPEO, CODICE_FISCALE_INDIRIZZO)
VALUES
('14','VIA','DONNALBINA','144','VAPRIO D''AGOGNA','NOVARA','28010','IT','SGSGNT80A01E654Y'); 

INSERT INTO INDIRIZZO
(ID_INDIRIZZO, QUALIFICATORE, STRADA, NUMERO, CITTA, PROVINCIA, CAP, STATO_EUROPEO, CODICE_FISCALE_INDIRIZZO)
VALUES
('15','VIA','VOLTO SAN LUCA','133','MEUGLIANO','TORINO','10080','IT','SGSGNT80A01E654Y');

INSERT INTO INDIRIZZO
(ID_INDIRIZZO, QUALIFICATORE, STRADA, NUMERO, CITTA, PROVINCIA, CAP, STATO_EUROPEO, CODICE_FISCALE_INDIRIZZO)
VALUES
('21','VIA','DEL VIMINALE','138','SAN LEONE','CAGLIARI','09012','IT','MNFPLS92S04A892C');

INSERT INTO INDIRIZZO
(ID_INDIRIZZO, QUALIFICATORE, STRADA, NUMERO, CITTA, PROVINCIA, CAP, STATO_EUROPEO, CODICE_FISCALE_INDIRIZZO)
VALUES
('31','VICOLO','CALCIRELLI','111','SAN VITO LO CAPO','TRAPANI','91010','IT','RSSDBR87D11D612M');

INSERT INTO INDIRIZZO
(ID_INDIRIZZO, QUALIFICATORE, STRADA, NUMERO, CITTA, PROVINCIA, CAP, STATO_EUROPEO, CODICE_FISCALE_INDIRIZZO)
VALUES
('32','VIA','ARCHIMEDE','144','GRANAGLIONE','BOLOGNA','40045','IT','RSSDBR87D11D612M');

INSERT INTO INDIRIZZO
(ID_INDIRIZZO, QUALIFICATORE, STRADA, NUMERO, CITTA, PROVINCIA, CAP, STATO_EUROPEO, CODICE_FISCALE_INDIRIZZO)
VALUES
('41','STRADA PROVINCIALE','65','56','CASIRATE D''ADDA','BERGAMO','24040','IT','DLCRNT83S06D810W');

INSERT INTO INDIRIZZO
(ID_INDIRIZZO, QUALIFICATORE, STRADA, NUMERO, CITTA, PROVINCIA, CAP, STATO_EUROPEO, CODICE_FISCALE_INDIRIZZO)
VALUES
('51','VIA','RAFFAELE CONFORTI','105','CAMPOTOSTO','L''AQUILA','67013','IT','CLBRNT82S70F205G');

INSERT INTO INDIRIZZO
(ID_INDIRIZZO, QUALIFICATORE, STRADA, NUMERO, CITTA, PROVINCIA, CAP, STATO_EUROPEO, CODICE_FISCALE_INDIRIZZO)
VALUES
('61','CORSO','NOVARA','148','OROSEI','NUORO','08028','IT','FRNLFA83T14A390H');

INSERT INTO INDIRIZZO
(ID_INDIRIZZO, QUALIFICATORE, STRADA, NUMERO, CITTA, PROVINCIA, CAP, STATO_EUROPEO, CODICE_FISCALE_INDIRIZZO)
VALUES
('62','VIA','TORRICELLI','69','LEVICO TERME','TRENTO','38056','IT','FRNLFA83T14A390H');

INSERT INTO INDIRIZZO
(ID_INDIRIZZO, QUALIFICATORE, STRADA, NUMERO, CITTA, PROVINCIA, CAP, STATO_EUROPEO, CODICE_FISCALE_INDIRIZZO)
VALUES
('71','VIA','LEOPARDI','70','FRACISCIO','SONDRIO','23021','IT','LMBLNS92H07F839O');

INSERT INTO INDIRIZZO
(ID_INDIRIZZO, QUALIFICATORE, STRADA, NUMERO, CITTA, PROVINCIA, CAP, STATO_EUROPEO, CODICE_FISCALE_INDIRIZZO)
VALUES
('81','VIA','NAZARIO SAURO','128','LISSONE','MILANO','20035','IT','DMNNLT94L31H501X');

INSERT INTO INDIRIZZO
(ID_INDIRIZZO, QUALIFICATORE, STRADA, NUMERO, CITTA, PROVINCIA, CAP, STATO_EUROPEO, CODICE_FISCALE_INDIRIZZO)
VALUES
('91','VIA','DELLE MURA GIANICOLENSI','53','PIETRACUPA','CAMPOBASSO','86020','IT','TRVMRA62M13D150J');

INSERT INTO INDIRIZZO
(ID_INDIRIZZO, QUALIFICATORE, STRADA, NUMERO, CITTA, PROVINCIA, CAP, STATO_EUROPEO, CODICE_FISCALE_INDIRIZZO)
VALUES
('101','VIA','CATULLO','56','SAN BENEDETTO DEI MARSI','L''AQUILA','67058','IT','PLRRSR41B41E517N');


INSERT INTO STATO_ACQUISTO
(DATA_ACQUISTO, STATO_ACQUISTO, N_ACQUISTO_STATO_ACQUISTO)
VALUES
('11-SET-2019','CONFERMATO','1001');

INSERT INTO STATO_ACQUISTO
(DATA_ACQUISTO, STATO_ACQUISTO, N_ACQUISTO_STATO_ACQUISTO)
VALUES
('26-SET-2019','RESPINTO','1002');

INSERT INTO STATO_ACQUISTO
(DATA_ACQUISTO, STATO_ACQUISTO, N_ACQUISTO_STATO_ACQUISTO)
VALUES
('7-GEN-2019','CONFERMATO','1003');

INSERT INTO STATO_ACQUISTO
(DATA_ACQUISTO, STATO_ACQUISTO, N_ACQUISTO_STATO_ACQUISTO)
VALUES
('28-MAR-2020','CONFERMATO','1004');

INSERT INTO STATO_ACQUISTO
(DATA_ACQUISTO, STATO_ACQUISTO, N_ACQUISTO_STATO_ACQUISTO)
VALUES
('22-MAR-2021','RESPINTO','1005');

INSERT INTO STATO_ACQUISTO
(DATA_ACQUISTO, STATO_ACQUISTO, N_ACQUISTO_STATO_ACQUISTO)
VALUES
('10-OTT-2021','CONFERMATO','1006');

INSERT INTO STATO_ACQUISTO
(DATA_ACQUISTO, STATO_ACQUISTO, N_ACQUISTO_STATO_ACQUISTO)
VALUES
('12-NOV-2021','CONFERMATO','1007');

INSERT INTO STATO_ACQUISTO
(DATA_ACQUISTO, STATO_ACQUISTO, N_ACQUISTO_STATO_ACQUISTO)
VALUES
('18-GEN-2022','IN ELABORAZIONE','1008');

INSERT INTO STATO_ACQUISTO
(DATA_ACQUISTO, STATO_ACQUISTO, N_ACQUISTO_STATO_ACQUISTO)
VALUES
('31-GEN-2023','IN ELABORAZIONE','1009');

INSERT INTO STATO_ACQUISTO
(DATA_ACQUISTO, STATO_ACQUISTO, N_ACQUISTO_STATO_ACQUISTO)
VALUES
('23-GIU-2023','CONFERMATO','1010');


INSERT INTO SPEDIZIONE
(N_SPEDIZIONE, DATA_CREAZIONE_SPEDIZIONE, INDIRIZZO_SPEDIZIONE, N_ACQUISTO_SPEDIZIONE)
VALUES
('0001','11-SET-2019','12','1001');

INSERT INTO SPEDIZIONE
(N_SPEDIZIONE, DATA_CREAZIONE_SPEDIZIONE, INDIRIZZO_SPEDIZIONE, N_ACQUISTO_SPEDIZIONE)
VALUES
('0002','26-SET-2019','21','1002');

INSERT INTO SPEDIZIONE
(N_SPEDIZIONE, DATA_CREAZIONE_SPEDIZIONE, INDIRIZZO_SPEDIZIONE, N_ACQUISTO_SPEDIZIONE)
VALUES
('0003','7-GEN-2019','31','1003');

INSERT INTO SPEDIZIONE
(N_SPEDIZIONE, DATA_CREAZIONE_SPEDIZIONE, INDIRIZZO_SPEDIZIONE, N_ACQUISTO_SPEDIZIONE)
VALUES
('0004','28-MAR-2020','41','1004');

INSERT INTO SPEDIZIONE
(N_SPEDIZIONE, DATA_CREAZIONE_SPEDIZIONE, INDIRIZZO_SPEDIZIONE, N_ACQUISTO_SPEDIZIONE)
VALUES
('0005','22-MAR-2021','51','1005');

INSERT INTO SPEDIZIONE
(N_SPEDIZIONE, DATA_CREAZIONE_SPEDIZIONE, INDIRIZZO_SPEDIZIONE, N_ACQUISTO_SPEDIZIONE)
VALUES
('0006','10-OTT-2021','62','1006');

INSERT INTO SPEDIZIONE
(N_SPEDIZIONE, DATA_CREAZIONE_SPEDIZIONE, INDIRIZZO_SPEDIZIONE, N_ACQUISTO_SPEDIZIONE)
VALUES
('0007','12-NOV-2021','71','1007');

INSERT INTO SPEDIZIONE
(N_SPEDIZIONE, DATA_CREAZIONE_SPEDIZIONE, INDIRIZZO_SPEDIZIONE, N_ACQUISTO_SPEDIZIONE)
VALUES
('0008','18-GEN-2022','81','1008');

INSERT INTO SPEDIZIONE
(N_SPEDIZIONE, DATA_CREAZIONE_SPEDIZIONE, INDIRIZZO_SPEDIZIONE, N_ACQUISTO_SPEDIZIONE)
VALUES
('0009','31-GEN-2023','91','1009');

INSERT INTO SPEDIZIONE
(N_SPEDIZIONE, DATA_CREAZIONE_SPEDIZIONE, INDIRIZZO_SPEDIZIONE, N_ACQUISTO_SPEDIZIONE)
VALUES
('0010','23-GIU-2023','101','1010');


INSERT INTO STATO_SPEDIZIONE
(DATA_STATO_SPEDIZIONE, STATO_SPEDIZIONE, N_SPEDIZIONE_STATO_SPEDIZIONE)
VALUES
('11-SET-2019','IN ELABORAZIONE','0001');

INSERT INTO STATO_SPEDIZIONE
(DATA_STATO_SPEDIZIONE, STATO_SPEDIZIONE, N_SPEDIZIONE_STATO_SPEDIZIONE)
VALUES
('26-SET-2019','RESPINTO','0002');

INSERT INTO STATO_SPEDIZIONE
(DATA_STATO_SPEDIZIONE, STATO_SPEDIZIONE, N_SPEDIZIONE_STATO_SPEDIZIONE)
VALUES
('7-GEN-2019','PRONTO PER LA SPEDIZIONE','0003');

INSERT INTO STATO_SPEDIZIONE
(DATA_STATO_SPEDIZIONE, STATO_SPEDIZIONE, N_SPEDIZIONE_STATO_SPEDIZIONE)
VALUES
('28-MAR-2020','CONSEGNATO','0004');

INSERT INTO STATO_SPEDIZIONE
(DATA_STATO_SPEDIZIONE, STATO_SPEDIZIONE, N_SPEDIZIONE_STATO_SPEDIZIONE)
VALUES
('22-MAR-2021','RESPINTO','0005');

INSERT INTO STATO_SPEDIZIONE
(DATA_STATO_SPEDIZIONE, STATO_SPEDIZIONE, N_SPEDIZIONE_STATO_SPEDIZIONE)
VALUES
('10-OTT-2021','SPEDITO','0006');

INSERT INTO STATO_SPEDIZIONE
(DATA_STATO_SPEDIZIONE, STATO_SPEDIZIONE, N_SPEDIZIONE_STATO_SPEDIZIONE)
VALUES
('12-NOV-2021','IN CONSEGNA','0007');

INSERT INTO STATO_SPEDIZIONE
(DATA_STATO_SPEDIZIONE, STATO_SPEDIZIONE, N_SPEDIZIONE_STATO_SPEDIZIONE)
VALUES
('18-GEN-2022','IN ELABORAZIONE','0008');

INSERT INTO STATO_SPEDIZIONE
(DATA_STATO_SPEDIZIONE, STATO_SPEDIZIONE, N_SPEDIZIONE_STATO_SPEDIZIONE)
VALUES
('31-GEN-2023','IN ELABORAZIONE','0009');

INSERT INTO STATO_SPEDIZIONE
(DATA_STATO_SPEDIZIONE, STATO_SPEDIZIONE, N_SPEDIZIONE_STATO_SPEDIZIONE)
VALUES
('23-GIU-2023','RESTITUITO','0010');




INSERT INTO CONTIENE
(QUANTITA, N_ACQUISTO_CONTIENE, ID_PRODOTTO_CONTIENE)
VALUES
('2','1001','0061');

INSERT INTO CONTIENE
(QUANTITA, N_ACQUISTO_CONTIENE, ID_PRODOTTO_CONTIENE)
VALUES
('1','1005','0061');

INSERT INTO CONTIENE
(QUANTITA, N_ACQUISTO_CONTIENE, ID_PRODOTTO_CONTIENE)
VALUES
('1','1001','0015');

INSERT INTO CONTIENE
(QUANTITA, N_ACQUISTO_CONTIENE, ID_PRODOTTO_CONTIENE)
VALUES
('1','1003','0015');

INSERT INTO CONTIENE
(QUANTITA, N_ACQUISTO_CONTIENE, ID_PRODOTTO_CONTIENE)
VALUES
('1','1006','0015');

INSERT INTO CONTIENE
(QUANTITA, N_ACQUISTO_CONTIENE, ID_PRODOTTO_CONTIENE)
VALUES
('1','1002','0043');

INSERT INTO CONTIENE
(QUANTITA, N_ACQUISTO_CONTIENE, ID_PRODOTTO_CONTIENE)
VALUES
('1','1005','0043');

INSERT INTO CONTIENE
(QUANTITA, N_ACQUISTO_CONTIENE, ID_PRODOTTO_CONTIENE)
VALUES
('1','1010','0043');

INSERT INTO CONTIENE
(QUANTITA, N_ACQUISTO_CONTIENE, ID_PRODOTTO_CONTIENE)
VALUES
('1','1003','0009');

INSERT INTO CONTIENE
(QUANTITA, N_ACQUISTO_CONTIENE, ID_PRODOTTO_CONTIENE)
VALUES
('1','1009','0009');

INSERT INTO CONTIENE
(QUANTITA, N_ACQUISTO_CONTIENE, ID_PRODOTTO_CONTIENE)
VALUES
('1','1003','0059');

INSERT INTO CONTIENE
(QUANTITA, N_ACQUISTO_CONTIENE, ID_PRODOTTO_CONTIENE)
VALUES
('1','1006','0059');

INSERT INTO CONTIENE
(QUANTITA, N_ACQUISTO_CONTIENE, ID_PRODOTTO_CONTIENE)
VALUES
('1','1010','0059');

INSERT INTO CONTIENE
(QUANTITA, N_ACQUISTO_CONTIENE, ID_PRODOTTO_CONTIENE)
VALUES
('1','1008','0045');

INSERT INTO CONTIENE
(QUANTITA, N_ACQUISTO_CONTIENE, ID_PRODOTTO_CONTIENE)
VALUES
('1','1010','0045');

INSERT INTO CONTIENE
(QUANTITA, N_ACQUISTO_CONTIENE, ID_PRODOTTO_CONTIENE)
VALUES
('1','1004','0042');

INSERT INTO CONTIENE
(QUANTITA, N_ACQUISTO_CONTIENE, ID_PRODOTTO_CONTIENE)
VALUES
('1','1006','0042');

INSERT INTO CONTIENE
(QUANTITA, N_ACQUISTO_CONTIENE, ID_PRODOTTO_CONTIENE)
VALUES
('1','1007','0042');

INSERT INTO CONTIENE
(QUANTITA, N_ACQUISTO_CONTIENE, ID_PRODOTTO_CONTIENE)
VALUES
('1','1009','0014');

INSERT INTO CONTIENE
(QUANTITA, N_ACQUISTO_CONTIENE, ID_PRODOTTO_CONTIENE)
VALUES
('1','1007','0014');

INSERT INTO CONTIENE
(QUANTITA, N_ACQUISTO_CONTIENE, ID_PRODOTTO_CONTIENE)
VALUES
('1','1005','0039');

INSERT INTO CONTIENE
(QUANTITA, N_ACQUISTO_CONTIENE, ID_PRODOTTO_CONTIENE)
VALUES
('1','1010','0039');


INSERT INTO COSTITUITO
(CODICE_ABBONAMENTO_COSTITUITO, ID_PRODOTTO_COSTITUITO)
VALUES
('ABB.CLS','0061');

INSERT INTO COSTITUITO
(CODICE_ABBONAMENTO_COSTITUITO, ID_PRODOTTO_COSTITUITO)
VALUES
('ABB.CLS','0043');

INSERT INTO COSTITUITO
(CODICE_ABBONAMENTO_COSTITUITO, ID_PRODOTTO_COSTITUITO)
VALUES
('ABB.CLS','0015');

INSERT INTO COSTITUITO
(CODICE_ABBONAMENTO_COSTITUITO, ID_PRODOTTO_COSTITUITO)
VALUES
('ABB.DLX','0061');

INSERT INTO COSTITUITO
(CODICE_ABBONAMENTO_COSTITUITO, ID_PRODOTTO_COSTITUITO)
VALUES
('ABB.DLX','0043');

INSERT INTO COSTITUITO
(CODICE_ABBONAMENTO_COSTITUITO, ID_PRODOTTO_COSTITUITO)
VALUES
('ABB.DLX','0015');

INSERT INTO COSTITUITO
(CODICE_ABBONAMENTO_COSTITUITO, ID_PRODOTTO_COSTITUITO)
VALUES
('ABB.DLX','0009');

INSERT INTO COSTITUITO
(CODICE_ABBONAMENTO_COSTITUITO, ID_PRODOTTO_COSTITUITO)
VALUES
('ABB.DLX','0014');


INSERT INTO POSSIEDE
(CODICE_ABBONAMENTO_POSSIEDE, CODICE_FISCALE_POSSIEDE)
VALUES
('ABB.CLS','DLCRNT83S06D810W');

INSERT INTO POSSIEDE
(CODICE_ABBONAMENTO_POSSIEDE, CODICE_FISCALE_POSSIEDE)
VALUES
('ABB.DLX','CLBRNT82S70F205G');

INSERT INTO POSSIEDE
(CODICE_ABBONAMENTO_POSSIEDE, CODICE_FISCALE_POSSIEDE)
VALUES
('ABB.DLX','PLRRSR41B41E517N');

INSERT INTO POSSIEDE
(CODICE_ABBONAMENTO_POSSIEDE, CODICE_FISCALE_POSSIEDE)
VALUES
('ABB.CLS','FRNLFA83T14A390H');

INSERT INTO POSSIEDE
(CODICE_ABBONAMENTO_POSSIEDE, CODICE_FISCALE_POSSIEDE)
VALUES
('ABB.CLS','LMBLNS92H07F839O');
